,,,,PRICE,,,,,,,,DIMENSIONS,,,,,,,BRAKES,,,,SAFETY,,,,,,,EQUIPMENT,,,,,,,,,,
brand,model,year,segment,max,min,adult_passangers,weight,transmission,fuel,tank,fuel_consumption,length,width,height,dist_axis,4x4/awd,big_volume_cargo,trunk_size,front_break,rear_break,braking_assists,height_to_the ground,front_airbags,side_airbags,curtain_air_bags,knee_air_bags,tire_pressure_monitor,NCAP,emergency_brake,reverse_camera,camera_360,bluetooth,android_auto/apple+play,cruise_control,cruise_control_advanced,blind_spot_alert,rain_sensor,car_tow,car_pull,body_type
Toyota,Yaris BASE MT,2024,Sedan-SmallSize,"$316,100","$316,100",5,1035,S,Gas,40,20,4.4,1.6,1.4,2.6,no,no,475,disc_brakes,drum_brakes,VSC/TRAC/HAC,normal,yes,yes,yes,no,yes,5,no,yes,no,yes,yes,no,no,no,no,no,no,Sedan
Toyota,Yaris BASE CVT,2024,Sedan-SmallSize,"$331,100","$331,100",5,1035,A,Gas,40,20,4.4,1.6,1.4,2.6,no,no,475,disc_brakes,drum_brakes,VSC/TRAC/HAC,normal,yes,yes,yes,no,yes,5,no,yes,no,yes,yes,no,no,no,no,no,no,Sedan
Toyota,Yaris S MT,2024,Sedan-SmallSize,"$341,000","$341,000",5,1035,S,Gas,40,20,4.4,1.6,1.4,2.6,no,no,475,disc_brakes,drum_brakes,VSC/TRAC/HAC,normal,yes,yes,yes,no,yes,5,no,yes,no,yes,yes,no,no,no,no,no,no,Sedan
Toyota,Yaris S CVT,2024,Sedan-SmallSize,"$356,000","$356,000",5,1035,A,Gas,40,20,4.4,1.6,1.4,2.6,no,no,475,disc_brakes,drum_brakes,VSC/TRAC/HAC,normal,yes,yes,yes,no,yes,5,no,yes,no,yes,yes,no,no,no,no,no,no,Sedan
Toyota,Yaris S CVT Hi,2024,Sedan-SmallSize,"$392,200","$392,200",5,1035,A,Gas,40,20,4.4,1.6,1.4,2.6,no,no,475,disc_brakes,drum_brakes,VSC/TRAC/HAC,normal,yes,yes,yes,no,yes,5,no,yes,no,yes,yes,yes,yes,yes,no,no,no,Sedan
Toyota,Corolla BASE,2024,Sedan-MidSize,"$419,900","$419,900",5,1405,A,Gas,50,18,4.6,1.78,1.4,2.7,no,no,361,disc_brakes,disc_brakes,VSC/TRAC/HAC,normal/0.15,yes,yes,yes,yes,yes,5,yes,yes,no,yes,yes,no,no,no,no,no,no,Sedan
Toyota,Corolla LE,2024,Sedan-MidSize,"$449,900","$449,900",5,1405,A,Gas,50,18,4.6,1.78,1.4,2.7,no,no,361,disc_brakes,disc_brakes,VSC/TRAC/HAC,normal/0.15,yes,yes,yes,yes,yes,5,yes,yes,no,yes,yes,yes,no,no,no,no,no,Sedan
Toyota,Corolla XLE,2024,Sedan-MidSize,"$509,900","$509,900",5,1405,A,Gas,50,18,4.6,1.78,1.4,2.7,no,no,361,disc_brakes,disc_brakes,VSC/TRAC/HAC,normal/0.15,yes,yes,yes,yes,yes,5,yes,yes,no,yes,yes,yes,yes,yes,no,no,no,Sedan
Toyota,Corolla SE,2024,Sedan-MidSize,"$529,900","$529,900",5,1405,A,Gas,50,18,4.6,1.78,1.4,2.7,no,no,361,disc_brakes,disc_brakes,VSC/TRAC/HAC,normal/0.15,yes,yes,yes,yes,yes,5,yes,yes,no,yes,yes,yes,yes,yes,no,no,no,Sedan
Toyota,Cambry LE,2024,Sedan-Fullsize*,"$571,900","$571,900",5,1515,A,Gas,60.6,18,4.8,1.8,1.4,2.8,no,no,427,disc_brakes,disc_brakes,VSC/TRAC/HAC,normal/0.15,yes,yes,yes,yes,no,5,yes,yes,no,yes,yes,yes,yes,yes,no,no,no,Sedan
Toyota,Cambry SE,2024,Sedan-Fullsize*,"$598,800","$598,800",5,1515,A,Gas,60.6,18,4.8,1.8,1.4,2.8,no,no,427,disc_brakes,disc_brakes,VSC/TRAC/HAC,normal/0.15,yes,yes,yes,yes,yes,5,yes,yes,no,yes,yes,yes,yes,yes,no,no,no,Sedan
Toyota,Raize MT,2024,SUV-SmallSize,"$378,400","$378,400",5,1035,S,Gas,36,19,4,1.7,1.6,2.5,no,no,369,disc_brakes,drum_brakes,VSC/TRAC/HAC,high,yes,yes,yes,no,yes,5,no,yes,no,yes,yes,no,no,no,no,no,no,SUV
Toyota,Raize CVT,2024,SUV-SmallSize,"$394,400","$394,400",5,1035,A,Gas,36,19,4,1.7,1.6,2.5,no,no,369,disc_brakes,drum_brakes,VSC/TRAC/HAC,high,yes,yes,yes,no,yes,5,no,yes,no,yes,yes,no,no,no,no,no,no,SUV
Toyota,Raize CVT Bi-Tono,2024,SUV-SmallSize,"$400,400","$400,400",5,1035,A,Gas,36,19,4,1.7,1.6,2.5,no,no,369,disc_brakes,drum_brakes,VSC/TRAC/HAC,high,yes,yes,yes,no,yes,5,no,yes,no,yes,yes,no,no,no,no,no,no,SUV
Toyota,Corolla Cross,2024,SUV-MidSize,"$528,700","$528,700",5,1425,A,Gas,47,20,4.4,1.82,1.6,2.6,no,no,500,disc_brakes,disc_brakes,VSC/TRAC/HAC,high/0.20,yes,yes,yes,yes,yes,5,yes,yes,no,yes,yes,yes,yes,yes,no,no,yes,SUV
Toyota,RAV4 LE,2024,SUV-FullSize,"$572,800","$572,800",5,1695,A,Gas,55,17,4.6,1.86,1.6,2.6,yes,no,595,disc_brakes,disc_brakes,VSC/TRAC/HAC/DAC,high/0.21,yes,yes,yes,yes,yes,5,yes,yes,no,yes,yes,yes,yes,no,yes,no,yes,SUV
Toyota,RAV4 XLE,2024,SUV-FullSize,"$620,900","$620,900",5,1695,A,Gas,55,17,4.6,1.86,1.6,2.6,yes,no,595,disc_brakes,disc_brakes,VSC/TRAC/HAC/DAC,high/0.21,yes,yes,yes,yes,yes,5,yes,yes,no,yes,yes,yes,yes,no,yes,no,yes,SUV
Toyota,RAV4 ADVENTURE,2024,SUV-FullSize,"$678,500","$678,500",5,1695,A,Gas,55,17,4.6,1.86,1.6,2.6,yes,no,595,disc_brakes,disc_brakes,VSC/TRAC/HAC/DAC,high/0.21,yes,yes,yes,yes,yes,5,yes,yes,no,yes,yes,yes,yes,yes,yes,no,yes,SUV
Toyota,RAV4 LIMITED,2024,SUV-FullSize,"$737,800","$737,800",5,1695,A,Gas,55,17,4.6,1.86,1.6,2.6,yes,no,595,disc_brakes,disc_brakes,VSC/TRAC/HAC/DAC,high/0.21,yes,yes,yes,yes,yes,5,yes,yes,no,yes,yes,yes,yes,yes,yes,no,yes,SUV
Toyota,Highlander HEV,2024,SUV-ExtendedSize/Hybrid,"$1,004,400","$879,400",8,2000,A,Gas,65,15,4.9,1.9,1.7,2.85,no,no,755,disc_brakes,disc_brakes,VSC/TRAC/HAC,high/0.20,yes,yes,yes,yes,yes,5,yes,yes,no,yes,yes,yes,yes,yes,yes,no,yes,SUV
Toyota,Sequioa HEV,2024,SUV-ExtendedSize/Hybrid,"$1,693,600","$1,548,700",8,2750,A,Gas/Hybrid,85,10,5.2,2,1.8,3.1,yes,no,800,disc_brakes,disc_brakes,VSC/TRAC/HAC,high/0.221,yes,yes,yes,yes,yes,5,yes,yes,yes,yes,yes,yes,yes,yes,yes,yes,yes,SUV
Toyota,Hilux,2024,Pickup-MidSize,"$638,500","$535,400",5,1815,A/S,Gas/Diesel,80,11,5.2,1.8,1.8,3,yes,yes,1000,disc_brakes,drum_brakes,HAC/TSC/VSC/TRAC,extra_high,yes,yes,yes,yes,no,5,no,yes,no,yes,yes,no,no,no,no,yes,yes,Pickup
Toyota,Tacoma,2024,Pickup-MidSize,"$969,900","$769,900",5,1965,A,Gas,69,10,5.4,1.9,1.8,3.3,yes,yes,1000,disc_brakes,disc_brakes,HAC/TSC/VSC/TRAC,extra_high,yes,yes,yes,yes,yes,5,yes,yes,no,yes,yes,yes,yes,yes,yes,yes,yes,Pickup
Toyota,Avanza,2024,SUV-MidSize,"$387,900","$354,700",7,1150,A/S,Gas,43,16,4.3,1.7,1.6,2.7,no,no,585,disc_brakes,drum_brakes,VSC/TRAC/HAC,normal/0.190,yes,yes,yes,no,no,5,no,yes,no,yes,yes,no,no,no,no,no,no,MiniVan
Toyota,Sienna HEV,2024,MiniVan/Hybrid,"$1,108,000","$891,600",8,2100,A,Gas/Hybrid,68,20,5.1,1.9,1.7,3,no,no,779,disc_brakes,disc_brakes,VSC/TRAC/SST,normal/0.180,yes,yes,yes,yes,yes,5,yes,yes,yes,yes,yes,yes,yes,yes,yes,no,yes,MiniVan
Toyota,Prius,2024,Sedan/MidSize/Hybrid,"$559,000","$484,900",5,1395,A,Gas/Hybrid,43,24,4.5,1.7,1.4,2.7,no,no,361,disc_brakes,disc_brakes,VSC/TRAC/SST,normal,yes,yes,yes,yes,yes,5,yes,yes,no,yes,yes,yes,yes,yes,yes,no,no,Sedan
Toyota,Tundra HEV,2024,Pickup-FullSize/Hybrid,"$1,633,700","$1,422,300",5,2750,A,Gas/Hybrid,122,9.35,5.9,2,1.9,3.1,yes,yes,1000,disc_brakes,disc_brakes,HAC/TSC/VSC/TRAC/,extra_high/0.282,yes,yes,yes,yes,yes,5,yes,yes,no,yes,yes,yes,yes,yes,yes,yes,yes,Pickup
Honda,City,2024,Sedan-MidSize,"$463,900","$401,900",5,1140,A,Gas,40,21,4.5,1.7,1.4,2.6,no,no,519,disc_brakes,drum_brakes,Sistme de traccion delantera,normal,yes,yes,yes,no,yes,5,yes,yes,yes,yes,yes,yes,yes,yes,no,no,no,Sedan
Honda,Civic,2024,Sedan-MidSize,"$659,900","$550,900",5,1379,A,Gas,46,20,4.6,1.8,1.4,2.7,no,no,408,disc_brakes,disc_brakes,Sistema ECO Assist,normal,yes,yes,yes,yes,yes,5,yes,yes,yes,yes,yes,yes,yes,yes,yes,no,no,Sedan
Honda,Accord,2024,Sedan-FullSize,"$755,900","$755,900",5,1571,A,Gas,56,18,4.9,1.8,1.45,2.8,no,no,472,disc_brakes,disc_brakes,Sistema ECO Assist,normal,yes,yes,yes,yes,yes,5,yes,yes,yes,yes,yes,yes,yes,yes,yes,no,no,Sedan
Honda,Accord Hybrid,2024,Sedan-FullSize/Hybrid,"$895,900","$895,900",5,1642,A,Gas/Hybrid,48.5,22,4.9,1.8,1.45,2.8,no,no,472,disc_brakes,disc_brakes,Sistema ECO Assist,normal,yes,yes,yes,yes,yes,5,yes,yes,yes,yes,yes,yes,yes,yes,yes,no,no,Sedan
Honda,BR-V,2024,SUV-MidSize,"$519,900","$480,900",7,1297,A,Gas,42,17,4.49,1.7,1.6,2.611,no,no,244,disc_brakes,disc_brakes,Sistema ECO Assist,high,yes,yes,yes,no,yes,5,yes,yes,no,yes,yes,yes,yes,yes,yes,no,yes,SUV
Honda,HR-V,2024,SUV-MidSize,"$654,900","$489,900",5,1465,A,Gas,57,16,4.56,1.8,1.6,2.65,no,no,473,disc_brakes,disc_brakes,Sistema ECO Assist,high,yes,yes,yes,yes,yes,5,yes,yes,yes,yes,yes,yes,yes,yes,yes,no,yes,SUV
Honda,CR-V,2024,SUV-Fullsize,"$844,900","$739,900",5,1609,A,Gas,57,17,4.6,1.8,1.6,2.7,no,no,780,disc_brakes,disc_brakes,Sistema ECO Assist,high,yes,yes,yes,yes,yes,5,yes,yes,yes,yes,yes,yes,yes,yes,yes,no,yes,SUV
Honda,CR-V Hybrid,2024,SUV-Fullsize/Hybrid,"$929,900","$929,900",5,1736,A,Gas/Hybrid,57,22.1,4.6,1.8,1.6,2.7,no,no,780,disc_brakes,disc_brakes,Sistema ECO Assist,high,yes,yes,yes,yes,yes,5,yes,yes,yes,yes,yes,yes,yes,yes,yes,no,yes,SUV
Honda,Pilot,2024,SUV-ExtendedSize,"$1,195,900","$1,165,900",8,2004,A,Gas,70,12,5,1.9,1.7,2.89,no,no,780,disc_brakes,disc_brakes,Sistema ECO Assist,high,yes,yes,yes,yes,yes,5,yes,yes,yes,yes,yes,yes,yes,yes,yes,no,yes,SUV
Honda,Odyssey,2024,MiniVan,"$1,154,900","$1,124,900",8,2072,A,Gas,73.8,13,5.2,1.995,1.7,3,no,no,886,disc_brakes,disc_brakes,Sistema ECO Assist,normal,yes,yes,yes,yes,yes,5,yes,yes,yes,yes,yes,yes,yes,yes,yes,no,yes,SUV
Chevrolet,Aveo Hatchback,2024,Ciudad,"$335,900","$305,900",5,1530,A/S,Gas,45,18,4.1,1.65,1.4,2.55,no,no,304,disc_brakes,disc_brakes,Control de estabilidad (StabiliTrak)	/ABS,normal,yes,yes,yes,no,no,3,no,yes,no,yes,yes,no,no,no,no,no,no,Hatchback
Chevrolet,Aveo Sedan,2024,Sedan-SmallSize,"$345,900","$295,400",5,1550,A/S,Gas,45,20,4.49,1.65,1.49,2.55,no,no,475,disc_brakes,disc_brakes,Control de estabilidad (StabiliTrak)	/ABS,normal,yes,yes,yes,no,yes,3,no,yes,no,yes,yes,no,no,no,no,no,no,Sedan
Chevrolet,Onix,2024,Sedan-SmallSize,"$411,900","$320,900",5,1495,A/S,Gas,44,22,4.47,1.7,1.4,2.5,no,no,469,disc_brakes,disc_brakes,Control de estabilidad (StabiliTrak)	/ABS,normal,yes,yes,yes,no,no,5,no,yes,no,yes,no,no,no,no,no,no,no,Sedan
Chevrolet,Cavalier,2024,Sedan-MidSize,"$500,400","$440,900",5,1705,A,Gas,44,19.11,4.6,1.7,1.4,2.6,no,no,405,disc_brakes,disc_brakes,Control de estabilidad (StabiliTrak)	/ABS,normal,yes,yes,no,no,yes,4,no,yes,no,yes,yes,yes,no,no,no,no,no,Sedan
Chevrolet,Groove,2024,SUV-SmallSize,"$452,900","$385,900",5,1635,A/S,Gas,45,16.8,4.2,1.74,1.615,2.55,no,no,471,disc_brakes,disc_brakes,Control de estabilidad (StabiliTrak)	/ABS,high,yes,yes,no,no,yes,4,no,yes,no,yes,yes,no,no,no,no,no,yes,SUV
Chevrolet,Tracker,2024,SUV-SmallSize,"$545,700","$422,400",5,1677,A/S,Gas,44,18,4.27,1.79,1.6,2.57,no,no,681,disc_brakes,drum_brakes,StabiliTrack/ABS/EBD/TCS,high,yes,yes,yes,no,yes,5,yes,yes,no,yes,yes,yes,no,yes,yes,no,yes,SUV
Chevrolet,Captiva,2024,SUV-FullSize,"$557,100","$489,200",7,2160,A,Gas,52,15,4.715,1.835,1.75,2.75,no,no,304,disc_brakes,disc_brakes,StabiliTrack/ABS/EBD/TCS,high,yes,yes,yes,no,yes,5,no,yes,yes,yes,yes,yes,no,no,no,no,yes,SUV
Chevrolet,Trax,2024,SUV-MidSize,"$582,300","$507,100",5,1880,A,Gas,50,17.6,4.537,1.823,1.56,2.57,no,no,414,disc_brakes,disc_brakes,StabiliTrack/ABS/EBD/TCS,high,yes,yes,yes,no,yes,5,yes,yes,no,yes,yes,yes,yes,yes,no,no,yes,SUV
Chevrolet,Traverse,2024,SUV-ExtendedSize,"$1,131,100","$1,131,100",8,1975,A,Gas,73,11.8,5.189,1.996,1.796,3.07,no,no,651.2,disc_brakes,disc_brakes,StabiliTrack/ABS/EBD/TCS,high,yes,yes,yes,yes,yes,5,yes,yes,yes,yes,yes,yes,yes,yes,yes,no,yes,SUV
Chevrolet,Blazer,2024,SUV-FullSize,"$1,132,400","$1,132,400",5,1883,A,Gas,73,12,4.85,1.95,1.676,2.863,no,no,780,disc_brakes,disc_brakes,StabiliTrack/ABS/EBD/TCS,high,yes,yes,yes,yes,yes,5,yes,yes,yes,yes,yes,yes,yes,yes,yes,no,yes,SUV
Chevrolet,Tahoe,2024,SUV-ExtendedSize,"$1,921,100","$1,702,600",8,3357,A,Gas,98,9,5.351,2.058,1.927,3.071,yes,no,700,disc_brakes,disc_brakes,StabiliTrack/ABS/EBD/TCS,high/0.204,yes,yes,yes,yes,yes,5,yes,yes,yes,yes,yes,yes,yes,yes,yes,yes,yes,SUV
Chevrolet,Suburban,2024,SUV-ExtendedSize,"$2,073,900","$1,854,900",8,3447,A,Gas,110,8,5.732,2.059,1.823,3.407,yes,no,971,disc_brakes,disc_brakes,StabiliTrack/ABS/EBD/TCS,high/0.204,yes,yes,yes,yes,yes,5,yes,yes,yes,yes,yes,yes,yes,yes,yes,yes,yes,SUV
Chevrolet,Montana,2024,Pickup-SmallSize,"$581,900","$517,400",5,1910,A,Gas,44,18.6,4.717,1.798,1.659,2.8,no,yes,637,disc_brakes,drum_brakes,StabiliTrack/ABS/EBD/TCS,high/0.185,yes,yes,yes,no,no,5,no,yes,no,yes,yes,yes,no,yes,no,no,yes,Pickup
Chevrolet,S10 Max,2024,Pickup-MidSize,"$689,400","$495,400",5,2028,S,Gas,75,11.6,5.365,1.9,1.814,3.155,yes,yes,"1,010",disc_brakes,disc_brakes,StabiliTrack/ABS/EBD/TCS,extra_high,yes,yes,yes,no,no,5,no,yes,no,yes,yes,yes,no,no,no,yes,yes,Pickup
Chevrolet,Colorado,2024,Pickup-MidSize,"$970,400","$1,165,900",5,2127,A,Gas,91,10,5.358,2.061,1.927,3.2,yes,yes,"1,781",disc_brakes,disc_brakes,StabiliTrack/ABS/EBD/TCS,extra_high,yes,yes,yes,no,yes,5,yes,yes,yes,yes,yes,yes,no,yes,no,yes,yes,Pickup
Chevrolet,Cheyenne,2024,Pickup-FullSize,"$1,818,900","$1,051,900",5,3000,A,Gas,91,7.9,5.885,2.063,2.018,3.745,yes,yes,2100,disc_brakes,disc_brakes,StabiliTrack/ABS/EBD/TCS,extra_high,yes,yes,yes,no,yes,5,yes,yes,yes,yes,yes,yes,yes,yes,no,yes,yes,Pickup
Nissan,March Sense TM,2024,Ciudad,"$270,000","$270,000",5,1016,S,Gas,41,18,3.8,1.66,1.528,2.45,no,no,230,disc_brakes,drum_brakes,ABS/EBD/BA,normal,yes,yes,yes,no,no,2,no,no,no,yes,no,no,no,no,no,no,no,Hashback
Nissan,March Sense TA,2024,Ciudad,"$294,900","$294,900",5,1016,A,Gas,41,17.3,3.8,1.66,1.528,2.45,no,no,230,disc_brakes,drum_brakes,ABS/EBD/BA,normal,yes,yes,yes,no,no,2,no,no,no,yes,no,no,no,no,no,no,no,Hashback
Nissan,March Advance TM,2024,Ciudad,"$300,900","$300,900",5,1016,S,Gas,41,18,3.8,1.66,1.528,2.45,no,no,230,disc_brakes,drum_brakes,ABS/EBD/BA,normal,yes,yes,yes,no,yes,2,no,no,no,yes,no,no,no,no,no,no,no,Hashback
Nissan,March Advance TA,2024,Ciudad,"$323,900","$323,900",5,1016,A,Gas,41,17.3,3.8,1.66,1.528,2.45,no,no,230,disc_brakes,drum_brakes,ABS/EBD/BA,normal,yes,yes,yes,no,yes,2,no,no,no,yes,no,no,no,no,no,no,no,Hashback
Nissan,March Exclusive TM,2024,Ciudad,"$323,900","$323,900",5,1016,S,Gas,41,18,3.8,1.66,1.528,2.45,no,no,230,disc_brakes,drum_brakes,ABS/EBD/BA,normal,yes,yes,yes,no,yes,2,no,yes,no,yes,no,no,no,no,no,no,no,Hashback
Nissan,March Exclusive TA,2024,Ciudad,"$338,900","$338,900",5,1016,A,Gas,41,17.3,3.8,1.66,1.528,2.45,no,no,230,disc_brakes,drum_brakes,ABS/EBD/BA,normal,yes,yes,yes,no,yes,2,no,yes,no,yes,no,no,no,no,no,no,no,Hashback
Nissan,Versa TM,2024,Sedan-SmallSize,"$339,900","$339,900",5,1143,S,Gas,41,19,4.4,1.7,1.47,2.6,no,no,330,disc_brakes,drum_brakes,ABS/EBD/BA,normal,yes,yes,yes,no,yes,3,no,yes,no,yes,yes,no,no,no,no,no,no,Sedan
Nissan,Versa CVT,2024,Sedan-SmallSize,"$356,900","$356,900",5,1143,A,Gas,41,20,4.4,1.7,1.47,2.6,no,no,330,disc_brakes,drum_brakes,ABS/EBD/BA,normal,yes,yes,yes,no,yes,3,no,yes,no,yes,yes,no,no,no,no,no,no,Sedan
Nissan,Versa Advance TM,2024,Sedan-SmallSize,"$380,900","$380,900",5,1143,S,Gas,41,19,4.4,1.7,1.47,2.6,no,no,330,disc_brakes,drum_brakes,ABS/EBD/BA,normal,yes,yes,yes,no,yes,3,no,yes,no,yes,yes,yes,no,no,no,no,no,Sedan
Nissan,Versa Advance CVT,2024,Sedan-SmallSize,"$397,900","$397,900",5,1143,A,Gas,41,20,4.4,1.7,1.47,2.6,no,no,330,disc_brakes,drum_brakes,ABS/EBD/BA,normal,yes,yes,yes,no,yes,3,no,yes,no,yes,yes,yes,no,no,no,no,no,Sedan
Nissan,Versa SR,2024,Sedan-SmallSize,"$414,900","$414,900",5,1143,A,Gas,41,20,4.4,1.7,1.47,2.6,no,no,330,disc_brakes,drum_brakes,ABS/EBD/BA,normal,yes,yes,yes,no,yes,3,no,yes,no,yes,yes,yes,no,no,no,no,no,Sedan
Nissan,Versa Exclusive CVT,2024,Sedan-SmallSize,"$430,900","$430,900",5,1143,A,Gas,41,20,4.4,1.7,1.47,2.6,no,no,330,disc_brakes,drum_brakes,ABS/EBD/BA,normal,yes,yes,yes,no,yes,3,no,yes,no,yes,yes,yes,no,yes,no,no,no,Sedan
Nissan,Sentra TM,2024,Sedan-MidSize,"$401,900","$401,900",5,1330,S,Gas,47,17,4.6,1.8,1.45,2.7,no,no,466,disc_brakes,disc_brakes,ABS/EBD/BA,normal,yes,yes,yes,no,yes,5,yes,yes,yes,yes,yes,no,no,no,no,no,no,Sedan
Nissan,Sentra CVT,2024,Sedan-MidSize,"$423,900","$423,900",5,1330,A,Gas,47,19,4.6,1.8,1.45,2.7,no,no,466,disc_brakes,disc_brakes,ABS/EBD/BA,normal,yes,yes,yes,no,yes,5,yes,yes,yes,yes,yes,no,no,no,no,no,no,Sedan
Nissan,Sentra Advance TM,2024,Sedan-MidSize,"$441,900","$441,900",5,1330,S,Gas,47,17,4.6,1.8,1.45,2.7,no,no,466,disc_brakes,disc_brakes,ABS/EBD/BA,normal,yes,yes,yes,no,yes,5,yes,yes,yes,yes,yes,no,no,no,no,no,no,Sedan
Nissan,Sentra Advance CVT,2024,Sedan-MidSize,"$463,900","$463,900",5,1330,A,Gas,47,19,4.6,1.8,1.45,2.7,no,no,466,disc_brakes,disc_brakes,ABS/EBD/BA,normal,yes,yes,yes,no,yes,5,yes,yes,yes,yes,yes,yes,yes,no,no,no,no,Sedan
Nissan,Sentra SR CVT,2024,Sedan-MidSize,"$525,900","$525,900",5,1330,A/S,Gas,47,19,4.6,1.8,1.45,2.7,no,no,466,disc_brakes,disc_brakes,ABS/EBD/BA,normal,yes,yes,yes,no,yes,5,yes,yes,yes,yes,yes,yes,yes,no,no,no,no,Sedan
Nissan,Sentra Platinum CVT,2024,Sedan-MidSize,"$545,900","$545,900",5,1330,A/S,Gas,47,19,4.6,1.8,1.45,2.7,no,no,466,disc_brakes,disc_brakes,ABS/EBD/BA,normal,yes,yes,yes,no,yes,5,yes,yes,yes,yes,yes,yes,yes,yes,no,no,no,Sedan
Nissan,Altima Advance,2024,Sedan-Fullsize,"$750,900","$820,900",5,1572,A,Gas,61.3,17,4.9,2,1.4,2.8,no,no,473,disc_brakes,disc_brakes,ABS/EBD/BA,normal,yes,yes,yes,yes,yes,5,yes,yes,no,yes,yes,yes,no,yes,yes,no,no,Sedan
Nissan,Altima Exclusive Turbo,2024,Sedan-Fullsize,"$820,900","$820,900",5,1572,A,Gas,61.3,17,4.9,2,1.4,2.8,no,no,473,disc_brakes,disc_brakes,ABS/EBD/BA,normal,yes,yes,yes,yes,yes,5,yes,yes,no,yes,yes,yes,yes,yes,yes,no,no,Sedan
Nissan,Kicks Advance MT,2024,SUV-MidSize,"$426,900","$426,900",5,1177,S,Gas,41,18.46,4.3,1.7,1.6,2.6,no,no,432,disc_brakes,drum_brakes,ABS/EBD/BA,high,yes,yes,yes,no,yes,4,yes,no,no,yes,yes,yes,no,no,no,no,no,Hashback
Nissan,Kicks Advance CVT,2024,SUV-MidSize,"$460,900","$460,900",5,1177,A,Gas,41,18.74,4.3,1.7,1.6,2.6,no,no,432,disc_brakes,drum_brakes,ABS/EBD/BA,high,yes,yes,yes,no,yes,4,yes,yes,no,yes,yes,yes,no,no,no,no,no,Hashback
Nissan,Kicks Exclusive CVT,2024,SUV-MidSize,"$495,900","$495,900",5,1177,A,Gas,41,18.74,4.3,1.7,1.6,2.6,no,no,432,disc_brakes,disc_brakes,ABS/EBD/BA,high,yes,yes,yes,no,yes,4,yes,yes,no,yes,yes,yes,no,yes,no,no,no,Hashback
Nissan,Kicks Platinum CVT,2024,SUV-MidSize,"$511,900","$511,900",5,1177,A,Gas,41,18.74,4.3,1.7,1.6,2.6,no,no,432,disc_brakes,disc_brakes,ABS/EBD/BA,high,yes,yes,yes,no,yes,4,yes,yes,no,yes,yes,yes,no,yes,no,no,no,Hashback
Nissan ,X-trail Advance 2 Row,2024,SUV-Fullsize,"$636,900","$636,900",5,1600,A,Gas,55,14,4.6,1.8,1.6,2.7,no,no,575,disc_brakes,disc_brakes,ABS/EBD/BA,high,yes,yes,yes,no,yes,5,yes,yes,no,yes,yes,yes,yes,no,no,no,no,Hashback
Nissan ,X-trail Exclusive 2 Row,2024,SUV-Fullsize,"$670,900","$670,900",5,1600,A,Gas,55,14,4.6,1.8,1.6,2.7,no,no,575,disc_brakes,disc_brakes,ABS/EBD/BA,high,yes,yes,yes,no,yes,5,yes,yes,yes,yes,yes,yes,yes,yes,no,no,no,Hashback
Nissan ,X-trail Platinum 2 Row,2024,SUV-Fullsize,"$734,900","$734,900",5,1600,A,Gas,55,14,4.6,1.8,1.6,2.7,no,no,575,disc_brakes,disc_brakes,ABS/EBD/BA,high,yes,yes,yes,no,yes,5,yes,yes,yes,yes,yes,yes,yes,yes,no,no,no,Hashback
Nissan ,X-trail Platinum 3 Row,2024,SUV-Fullsize,"$754,900","$754,900",7,1600,A,Gas,55,14,4.6,1.8,1.6,2.7,no,no,575,disc_brakes,disc_brakes,ABS/EBD/BA,high,yes,yes,yes,no,yes,5,yes,yes,yes,yes,yes,yes,yes,yes,no,no,no,Hashback
Nissan ,X-trail Platinum 2 Row,2024,SUV-Fullsize,"$780,900","$780,900",5,1600,A,Gas,55,14,4.6,1.8,1.6,2.7,no,no,575,disc_brakes,disc_brakes,ABS/EBD/BA,high,yes,yes,yes,no,yes,5,yes,yes,yes,yes,yes,yes,yes,yes,no,no,no,Hashback
Nissan ,PathFinder,2024,SUV-ExtendedSize,"$1,243,000","$1,280,000",8,2100,A,Gas,70,10,5,1.9,1.8,2.9,no,no,190,disc_brakes,disc_brakes,ABS/EBD/BA,high,yes,yes,yes,no,yes,5,yes,yes,yes,yes,yes,yes,yes,yes,no,yes,no,Hashback
Nissan ,Frontier,2024,Pickup-MidSize,"$831,000","$500,000",5,2000,A/S,Gas/Diesel,80,9,5.2,1.8,1.8,3.1,yes,yes,1000,disc_brakes,drum_brakes,ABS/EBD/BA,extra_high,yes,yes,yes,no,yes,5,yes,yes,yes,yes,yes,yes,no,no,no,yes,yes,Pickup
Mazda,2,2024,Sedan-SmallSize,"$288,900","$388,900",5,1613,A/S,Gas,44,19.1,4.34,1.98,1.47,2.562,no,no,440,disc_brakes,drum_brakes,ABS/EBD/BA/DSC/TCS,normal,yes,yes,yes,no,yes,2,yes,yes,no,yes,yes,yes,no,no,yes,no,no,Sedan
Mazda,2,2024,Ciudad,"$318,900","$388,900",5,1601,A/S,Gas,44,18.8,4.08,1.98,1.49,2.562,no,no,215,disc_brakes,drum_brakes,ABS/EBD/BA/DSC/TCS/LDW,normal,yes,yes,yes,no,yes,2,no,yes,no,yes,yes,yes,no,no,yes,no,no,Hatchback
Mazda,3,2024,Sedan-MidSize,"$392,900","$542,900",5,1881,A/S,Gas,51,14.9,4.66,2.02,1.44,2.672,no,no,719,disc_brakes,disc_brakes,ABS/EBD/BA/DSC/TCS/LDW,normal,yes,yes,yes,yes,yes,5,yes,yes,yes,yes,yes,yes,yes,yes,yes,no,no,Sedan
Mazda,3,2024,Sedan-SmallSize,"$448,900","$558,900",5,1870,A,Gas,51,15.2,4.45,2.02,1.4,2.672,no,no,569,disc_brakes,disc_brakes,ABS/EBD/BA/DSC/TCS/LDW,normal,yes,yes,yes,yes,yes,5,yes,yes,yes,yes,yes,yes,yes,yes,yes,no,no,Hatchback
Mazda,CX-3,2024,SUV-SmallSize,"$380,900","$450,900",5,1762,A,Gas,48,17.3,4.27,2.04,1.54,2.57,no,no,240,disc_brakes,disc_brakes,ABS/EBD/BA/DSC/TCS,high,yes,yes,yes,no,yes,4,no,yes,no,yes,yes,yes,no,yes,yes,no,no,SUV
Mazda,CX-5,2024,SUV-MidSize,"$558,900","$688,900",5,2115,A,Gas,56,13.7,4.57,2.11,1.68,2.611,no,no,871,disc_brakes,disc_brakes,ABS/EBD/BA/DSC/TCS/LDW,high,yes,yes,yes,no,yes,5,yes,yes,yes,yes,yes,yes,yes,yes,yes,no,no,SUV
Mazda,CX-30,2024,SUV-SmallSize,"$459,900","$545,900",5,2042,A,Gas,51,14.4,4.29,2.04,1.56,2.572,no,no,572,disc_brakes,disc_brakes,ABS/EBD/BA/DSC/TCS,high,yes,yes,yes,yes,yes,5,no,yes,no,yes,yes,yes,no,yes,yes,no,no,SUV
Mazda,CX-50,2024,SUV-FullSize,"$805,900","$805,900",5,2272,A,Gas,60,13.3,4.72,2.05,1.62,2.76,yes,no,889,disc_brakes,disc_brakes,ABS/EBD/BA/DSC/TCS,high,yes,yes,yes,yes,yes,5,no,yes,no,yes,yes,yes,yes,yes,yes,no,no,SUV
Mazda,CX-90,2024,SUV-ExtendedSize,"$1,138,000","$1,138,000",8,2918,A,Gas,74,13.1,5.1,2.15,1.74,3.1985,yes,no,423,disc_brakes,disc_brakes,ABS/EBD/BA/DSC/TCS/LDW,high,yes,yes,yes,yes,yes,5,yes,yes,yes,yes,yes,yes,yes,yes,yes,no,no,SUV
Mazda,MX-5,2024,Ciudad,"$619,900","$619,900",2,1242,A/S,Gas,45,16.1,3.91,1.91,1.24,2.5572,no,no,127,disc_brakes,disc_brakes,ABS/EBD/BA/DSC/TCS,normal,yes,yes,no,no,yes,4,yes,yes,no,yes,yes,yes,yes,yes,yes,no,no,Roadster
Ford,Edge,2024,SUV-FullSize,"$1,070,000","$1,240,000",5,1871,A,Gas,70,14,4.7,2.1,4.7,3.1985,yes,no,679,disc_brakes,disc_brakes,ABS/EBD/RSC/AdvanceTrac,high,yes,yes,yes,yes,yes,5,yes,yes,no,yes,yes,yes,yes,yes,yes,no,no,SUV
Ford,Bronco,2024,SUV-FullSize,"$1,438,000","$1,564,000",5,2157,A,Gas,60,12,4.81,1.93,1.85,4.46,yes,no,679,disc_brakes,disc_brakes,ABS/EBD/RSC/AdvanceTrac,high/0.261,yes,yes,yes,no,yes,5,yes,yes,yes,yes,yes,yes,yes,yes,yes,yes,yes,SUV
Ford,Territory,2024,SUV-FullSize,"$597,000","$772,000",5,2097,A,Gas,60,14,4.62,1.93,1.7,2.76,no,no,448,disc_brakes,disc_brakes,ABS/EBD/TCS,high,yes,yes,yes,no,yes,5,no,yes,no,yes,yes,yes,yes,yes,yes,no,no,SUV
Ford,Escape HEV,2024,SUV-MidSize,"$766,000","$964,000",5,1671,A,Gas/Hybrid,54.1,16.6,4.57,2.17,1.67,2.71,no,no,450,disc_brakes,disc_brakes,ABS/EBD/RSC/AdvanceTrac,high,yes,yes,yes,yes,yes,5,yes,yes,yes,yes,yes,yes,yes,yes,yes,no,no,SUV
Ford,Expedition,2024,SUV-ExtendedSize,"$1,617,000","$1,897,000",8,2628,A,Gas,106,8.08,5.63,2.37,1.94,3.1985,yes,no,679,disc_brakes,disc_brakes,ABS/EBD/RSC/AdvanceTrac,high/0.248,yes,yes,yes,no,yes,5,yes,yes,yes,yes,yes,yes,no,yes,yes,yes,yes,SUV
Ford,Maverick,2024,Pickup-MidSize,"$702,000","$908,000",5,1616,A,Gas,64,11.1,5.07,1.97,1.74,3.07,yes,yes,1100,disc_brakes,disc_brakes,ABS/EBD/RSC/AdvanceTrac,high/0.218,yes,yes,yes,yes,yes,5,yes,yes,no,yes,yes,yes,no,no,no,yes,yes,Pickup
Ford,Maverick HEV,2024,Pickup-MidSize,"$842,000","$842,000",5,1666,A,Gas/Hybrid,52,15.7,5.07,1.97,1.74,3.07,no,yes,1100,disc_brakes,disc_brakes,ABS/EBD/RSC/AdvanceTrac,high/0.211,yes,yes,yes,yes,yes,5,yes,yes,no,yes,yes,yes,no,no,no,yes,yes,Pickup
Ford,Mustang Mach E,2024,SUV-FullSize,"$1,445,000","$1,704,000",5,2090,A,Electric,91 kWh,N/A,4.74,2.09,1.61,2.76033,yes,no,500,disc_brakes,disc_brakes,ABS/EBD/RSC/AdvanceTrac,high,yes,yes,yes,yes,yes,5,yes,yes,yes,yes,yes,yes,yes,yes,yes,no,no,SUV
Ford,Ranger,2024,Pickup-MidSize,"$818,000","$1,074,000",5,2415,A,Gas/Diesel,80,9.35,5.35,1.91,1.88,3.27,yes,yes,1233,disc_brakes,disc_brakes,ABS/EBD/RSC/AdvanceTrac,high,yes,yes,yes,yes,yes,5,yes,yes,no,yes,yes,yes,no,no,yes,yes,yes,Pickup
Ford,Lobo,2024,Pickup-FullSize,"$1,238,000","$1,786,000",5,3197,A,Gas,98,8.9,5.88,2.02,1.95,3.4225,yes,yes,2100,disc_brakes,disc_brakes,ABS/EBD/RSC/AdvanceTrac,high/0.239,yes,yes,yes,no,yes,4,yes,yes,yes,yes,yes,yes,yes,yes,yes,yes,yes,Pickup
Ford,Lobo HEV,2024,Pickup-FullSize,"$1,786,000","$1,786,000",5,3333,A,Gas/Hybrid,115,9.7,5.88,2.02,1.95,3.4225,yes,yes,2100,disc_brakes,disc_brakes,ABS/EBD/RSC/AdvanceTrac,high/0.239,yes,yes,yes,no,yes,4,yes,yes,yes,yes,yes,yes,yes,yes,yes,yes,yes,Pickup
VW,Nivus,2024,SUV-SmallSize,"$479,070","$479,070",5,1312,A,Gas,52,16.7,4.26,1.75,1.49,2.56,no,no,415,disc_brakes,disc_brakes,ABS/ASR/EDL/ESC,normal,yes,yes,yes,no,yes,5,yes,yes,no,yes,yes,yes,yes,no,yes,no,no,SUV
VW,Polo,2024,Ciudad,"$318,970","$408,970",5,1570,A/S,Gas,52,16.8,4.07,1.75,1.47,2.56,no,no,300,disc_brakes,drum_brakes,ABS/ASR/ESC,normal,yes,yes,no,no,yes,3,no,yes,no,yes,yes,yes,no,no,yes,no,no,Hatchback
VW,Taos,2024,SUV-MidSize,"$495,070","$590,070",5,1940,A,Gas,50,16.3,4.46,1.84,1.63,2.68,no,no,500,disc_brakes,disc_brakes,ABS/ASR/EDL/ESC/EBV,high,yes,yes,yes,no,yes,5,yes,yes,no,yes,yes,yes,yes,yes,yes,no,no,SUV
VW,Taigun,2024,SUV-SmallSize,"$424,070","$495,070",5,1269,A,Gas,50,17,4.22,1.76,1.57,2.65,no,no,385,disc_brakes,drum_brakes,ABS/ASR/EBV/ESC,high,yes,yes,yes,no,yes,5,yes,yes,no,yes,yes,yes,no,no,yes,no,no,SUV
VW,Tiguan,2024,SUV-Fullsize,"$577,070","$814,070",7,2340,A,Gas,58,14.3,4.72,1.83,1.66,2.79,yes,no,760,disc_brakes,disc_brakes,ABS/EDL/ASR/ESC/EBV,high,yes,yes,yes,no,yes,5,yes,yes,no,yes,yes,yes,yes,yes,yes,yes,yes,SUV
VW,Terramont,2024,SUV-ExtendedSize,"$954,070","$1,181,070",7,2690,A,Gas,70.4,11.6,5.09,1.99,1.78,2.98,no,no,1572,disc_brakes,disc_brakes,ABS/ASR/ESC/EBV/EDS,high,yes,yes,yes,no,yes,5,yes,yes,yes,yes,yes,yes,yes,yes,yes,yes,yes,SUV
VW,T-cross,2024,SUV-SmallSize,"$417,870","$417,870",5,1263,A,Gas,50,16.8,4.19,1.76,1.56,2.65,no,no,373,disc_brakes,drum_brakes,ABS/ASR/ESC/EBV/EDS,high,yes,yes,yes,no,no,5,no,no,no,yes,yes,no,no,no,no,no,no,SUV
VW,Virtus,2024,Sedan-MidSize,"$326,470","$422,470",5,1657,A/S,Gas,50,17.5,4.56,1.75,1.48,2.65,no,no,521,disc_brakes,drum_brakes,ABS/ASR/ESC/EDS,normal,yes,yes,yes,no,yes,5,yes,yes,no,yes,yes,yes,no,yes,yes,no,no,Sedan
VW,Jetta,2024,Sedan-Fullsize,"$424,770","$549,770",5,1860,A,Gas,50,18.5,4.73,1.79,1.45,2.68,no,no,510,disc_brakes,disc_brakes,ABS/ASR/ESC/EBV/EDS,normal,yes,yes,yes,no,yes,5,yes,yes,no,yes,yes,yes,yes,yes,yes,no,no,Sedan
VW,Saveiro,2024,Pickup-SmallSize,"$322,670","$322,670",2,1735,S,Gas,55,15.9,4.49,1.7,1.49,2.75,no,yes,712,disc_brakes,disc_brakes,ABS/ASR/ESC,normal,yes,no,no,no,no,4,no,no,no,yes,no,no,no,no,no,yes,yes,Pickup
VW,Saveiro,2024,Pickup-SmallSize,"$417,670","$417,670",5,1740,S,Gas,55,15.9,4.49,1.7,1.57,2.75,no,yes,712,disc_brakes,disc_brakes,ABS/ASR/ESC,high,yes,no,no,no,yes,4,no,yes,no,yes,no,yes,no,no,yes,yes,yes,Pickup
Kia,K3 Hatchback,2024,Ciudad,"$341,900","$461,900",5,1400,A/S,Gas,45,16.7,4.29,1.76,1.49,2.67,no,no,235,disc_brakes,disc_brakes,ABS/ESC/ADAS,normal,yes,yes,yes,no,yes,4,yes,yes,no,yes,yes,yes,no,yes,no,no,no,Hatchback
Kia,K3,2024,Sedan-MidSize,"$316,900","$458,900",5,1330,A/S,Gas,45,16.8,4.54,1.76,1.47,2.67,no,no,544,disc_brakes,disc_brakes,ABS/ESC/ADAS,normal,yes,yes,yes,no,yes,4,yes,yes,no,yes,yes,yes,no,yes,no,no,no,Sedan
Kia,Forte Hatchback,2024,Sedan-MidSize,"$448,900","$547,900",5,1555,A,Gas,50,17.02,4.51,1.8,1.46,2.7,no,no,400,disc_brakes,disc_brakes,ABS/ESC/VSM/ADAS,normal,yes,yes,yes,no,no,5,yes,yes,no,yes,yes,yes,no,yes,no,no,no,Hatchback
Kia,Forte,2024,Sedan-MidSize,"$387,900","$541,900",5,1707,A/S,Gas,50,17.07,4.64,1.8,1.45,2.7,no,no,600,disc_brakes,disc_brakes,ABS/ESC/VSM/ADAS,normal,yes,yes,yes,no,no,5,yes,yes,no,yes,yes,yes,no,yes,no,no,no,Sedan
Kia,Sonet,2024,SUV-SmallSize,"$372,900","$452,900",5,1560,A/S,Gas,45,17.47,4.11,1.79,1.64,2.5,no,no,385,disc_brakes,disc_brakes,ABS/ESC/ADAS,normal,yes,yes,yes,no,yes,3,yes,yes,no,yes,yes,yes,no,no,no,no,no,SUV
Kia,Soul,2024,SUV-SmallSize,"$394,900","$476,900",5,1308,A/S,Gas,54,16.1,4.19,1.8,1.6,2.6,no,no,686,disc_brakes,disc_brakes,ABS/ESC/ADAS,high,yes,yes,yes,no,yes,4,yes,yes,no,yes,yes,yes,no,yes,yes,no,no,SUV
Kia,Seltos,2024,SUV-MidSize,"$460,900","$576,900",5,1409,A,Gas,50,17,4.38,1.8,1.63,2.63,no,no,433,disc_brakes,disc_brakes,ABS/ESC/ADAS,high,yes,yes,yes,no,yes,3,yes,yes,no,yes,yes,yes,no,yes,yes,no,no,SUV
Kia,Sportage,2024,SUV-FullSize,"$594,900","$752,900",5,1540,A,Gas,54,14.6,4.66,1.86,1.66,2.77,no,no,500,disc_brakes,disc_brakes,ABS/ESC/ADAS,high,yes,yes,yes,no,yes,5,yes,yes,no,yes,yes,yes,yes,yes,yes,no,no,SUV
Kia,Sportage Hybrid,2024,SUV-FullSize,"$872,900","$872,900",5,1692,A,Gas/Hybrid,52,23.7,4.66,1.86,1.66,2.77,no,no,679,disc_brakes,disc_brakes,ABS/ESC/ADAS,high,yes,yes,yes,no,yes,5,yes,yes,no,yes,yes,yes,yes,yes,yes,no,no,SUV
Kia,Sorento,2024,SUV-FullSize,"$821,900","$985,900",7,1783,A,Gas,67,15.22,4.81,1.9,1.69,2.81,no,no,679,disc_brakes,disc_brakes,ABS/ESC/ADAS,high,yes,yes,yes,yes,yes,5,yes,yes,yes,yes,yes,yes,yes,yes,no,yes,yes,SUV
Kia,Telluride,2024,SUV-ExtendedSize,"$1,189,900","$1,189,900",7,2036,A,Gas,71,11.33,5,1.97,1.76,2.9,yes,no,679,disc_brakes,disc_brakes,ABS/ESC/ADAS,high,yes,yes,yes,yes,yes,5,yes,yes,yes,yes,yes,yes,yes,yes,no,yes,yes,SUV
Kia,Niro,2024,SUV-MidSize,"$727,900","$727,900",5,1450,A,Gas/Hybrid,42,28.08,4.42,1.82,1.54,2.27,no,no,646,disc_brakes,disc_brakes,ABS/ESC/ADAS,high,yes,yes,yes,yes,yes,5,yes,yes,no,yes,yes,yes,yes,yes,yes,no,no,SUV